ui_form	person	number	voice	mood	tense	polarity	infinitive_type	participle_type	nonfinite_case	meanbot_feature_bundle	generation_supported	analyzer_roundtrip	evidence_status	status	notes	ui_cell_key
Present tense	1	sg	active	indicative	present	positive				<lemma>+V+Act+Ind+Prs+Sg1	38/38	38/38	HFST strict roundtrip; finite morphology	SUPPORTED_VARIANT		finite|Present tense|mie
Present tense	2	sg	active	indicative	present	positive				<lemma>+V+Act+Ind+Prs+Sg2	38/38	38/38	HFST strict roundtrip; finite morphology	SUPPORTED_VARIANT		finite|Present tense|sie
Present tense	3	sg	active	indicative	present	positive				<lemma>+V+Act+Ind+Prs+Sg3	38/38	38/38	HFST strict roundtrip; finite morphology	SUPPORTED_VARIANT		finite|Present tense|se/hään
Present tense	1	pl	active	indicative	present	positive				<lemma>+V+Act+Ind+Prs+Pl1	38/38	38/38	HFST strict roundtrip; finite morphology	SUPPORTED_VARIANT		finite|Present tense|met
Present tense	2	pl	active	indicative	present	positive				<lemma>+V+Act+Ind+Prs+Pl2	38/38	38/38	HFST strict roundtrip; finite morphology	SUPPORTED_VARIANT		finite|Present tense|tet
Present tense	3	pl	active	indicative	present	positive				<lemma>+V+Act+Ind+Prs+Pl3	38/38	38/38	HFST strict roundtrip; finite morphology	SUPPORTED_VARIANT		finite|Present tense|net/het
Present tense			passive	indicative	present	positive				<lemma>+V+Pass+Ind+Prs	38/38	38/38	HFST strict roundtrip; passive morphology	SUPPORTED_VARIANT		finite|Present tense|passive
Past tense	1	sg	active	indicative	past	positive				<lemma>+V+Act+Ind+Prt+Sg1	38/38	38/38	HFST strict roundtrip; finite morphology	SUPPORTED_VARIANT		finite|Past tense|mie
Past tense	2	sg	active	indicative	past	positive				<lemma>+V+Act+Ind+Prt+Sg2	38/38	38/38	HFST strict roundtrip; finite morphology	SUPPORTED_VARIANT		finite|Past tense|sie
Past tense	3	sg	active	indicative	past	positive				<lemma>+V+Act+Ind+Prt+Sg3	38/38	38/38	HFST strict roundtrip; finite morphology	SUPPORTED_VARIANT		finite|Past tense|se/hään
Past tense	1	pl	active	indicative	past	positive				<lemma>+V+Act+Ind+Prt+Pl1	38/38	38/38	HFST strict roundtrip; finite morphology	SUPPORTED_VARIANT		finite|Past tense|met
Past tense	2	pl	active	indicative	past	positive				<lemma>+V+Act+Ind+Prt+Pl2	38/38	38/38	HFST strict roundtrip; finite morphology	SUPPORTED_VARIANT		finite|Past tense|tet
Past tense	3	pl	active	indicative	past	positive				<lemma>+V+Act+Ind+Prt+Pl3	38/38	38/38	HFST strict roundtrip; finite morphology	SUPPORTED_VARIANT		finite|Past tense|net/het
Past tense			passive	indicative	past	positive				<lemma>+V+Pass+Ind+Prt	38/38	38/38	HFST strict roundtrip; passive morphology	SUPPORTED_VARIANT		finite|Past tense|passive
Conditional mood	1	sg	active	conditional	present	positive				<lemma>+V+Act+Cond+Sg1	38/38	38/38	HFST strict roundtrip; finite morphology	SUPPORTED_VARIANT		finite|Conditional mood|mie
Conditional mood	2	sg	active	conditional	present	positive				<lemma>+V+Act+Cond+Sg2	38/38	38/38	HFST strict roundtrip; finite morphology	SUPPORTED_VARIANT		finite|Conditional mood|sie
Conditional mood	3	sg	active	conditional	present	positive				<lemma>+V+Act+Cond+Sg3	38/38	38/38	HFST strict roundtrip; finite morphology	SUPPORTED_VARIANT		finite|Conditional mood|se/hään
Conditional mood	1	pl	active	conditional	present	positive				<lemma>+V+Act+Cond+Pl1	38/38	38/38	HFST strict roundtrip; finite morphology	SUPPORTED_VARIANT		finite|Conditional mood|met
Conditional mood	2	pl	active	conditional	present	positive				<lemma>+V+Act+Cond+Pl2	38/38	38/38	HFST strict roundtrip; finite morphology	SUPPORTED_VARIANT		finite|Conditional mood|tet
Conditional mood	3	pl	active	conditional	present	positive				<lemma>+V+Act+Cond+Pl3	38/38	38/38	HFST strict roundtrip; finite morphology	SUPPORTED_VARIANT		finite|Conditional mood|net/het
Conditional mood			passive	conditional	present	positive				<lemma>+V+Pass+Cond	38/38	38/38	HFST strict roundtrip; passive morphology	SUPPORTED_VARIANT		finite|Conditional mood|passive
Imperative mood	1	sg	active	imperative		positive					0/38	0/38	UI intentionally displays em dash	UNSUPPORTED	No first-person singular imperative UI form.	finite|Imperative mood|mie
Imperative mood	2	sg	active	imperative		positive				<lemma>+V+Act+Imprt+Sg2	37/38	37/38	HFST strict roundtrip where the lexical class exposes the cell	PARTIAL		finite|Imperative mood|sie
Imperative mood	3	sg	active	imperative		positive				<lemma>+V+Act+Imprt+Sg3 | <lemma>+V+Act+Imprt+Sg	34/38	34/38	HFST strict roundtrip; class-dependent Sg3/Sg tag	PARTIAL		finite|Imperative mood|se/hään
Imperative mood	1	pl	active	imperative		positive				<lemma>+V+Act+Imprt+Pl1	1/38	1/38	HFST strict roundtrip where the lexical class exposes the cell	PARTIAL		finite|Imperative mood|met
Imperative mood	2	pl	active	imperative		positive				<lemma>+V+Act+Imprt+Pl2	38/38	38/38	HFST strict roundtrip where the lexical class exposes the cell	SUPPORTED_VARIANT		finite|Imperative mood|tet
Imperative mood	3	pl	active	imperative		positive				<lemma>+V+Act+Imprt+Pl3	33/38	33/38	HFST strict roundtrip where the lexical class exposes the cell	PARTIAL		finite|Imperative mood|net/het
Imperative mood			passive	imperative		positive					0/38	0/38	No +V+Pass+Imprt path in current Meanbot HFST	UNSUPPORTED		finite|Imperative mood|passive
Potential tense	1	sg	active	potential		positive					0/38	0/38	No +Pot tag/path in current Meanbot HFST	UNSUPPORTED		finite|Potential tense|mie
Potential tense	2	sg	active	potential		positive					0/38	0/38	No +Pot tag/path in current Meanbot HFST	UNSUPPORTED		finite|Potential tense|sie
Potential tense	3	sg	active	potential		positive					0/38	0/38	No +Pot tag/path in current Meanbot HFST	UNSUPPORTED		finite|Potential tense|se/hään
Potential tense	1	pl	active	potential		positive					0/38	0/38	No +Pot tag/path in current Meanbot HFST	UNSUPPORTED		finite|Potential tense|met
Potential tense	2	pl	active	potential		positive					0/38	0/38	No +Pot tag/path in current Meanbot HFST	UNSUPPORTED		finite|Potential tense|tet
Potential tense	3	pl	active	potential		positive					0/38	0/38	No +Pot tag/path in current Meanbot HFST	UNSUPPORTED		finite|Potential tense|net/het
Potential tense			passive	potential		positive					0/38	0/38	No +Pot tag/path in current Meanbot HFST	UNSUPPORTED		finite|Potential tense|passive
Present negative tense	1	sg	active	indicative	present	negative				ei+V+Neg+Act+Prs+Sg1 + <lemma>+V+Act+Ind+Prs+ConNeg	38/38	38/38	HFST component roundtrip; Meanbot S2-NEG-001 active	SUPPORTED_VARIANT		finite|Present negative tense|mie
Present negative tense	2	sg	active	indicative	present	negative				ei+V+Neg+Act+Prs+Sg2 + <lemma>+V+Act+Ind+Prs+ConNeg	38/38	38/38	HFST component roundtrip; Meanbot S2-NEG-001 active	SUPPORTED_VARIANT		finite|Present negative tense|sie
Present negative tense	3	sg	active	indicative	present	negative				ei+V+Neg+Act+Prs+Sg3 + <lemma>+V+Act+Ind+Prs+ConNeg	38/38	38/38	HFST component roundtrip; Meanbot S2-NEG-001 active	SUPPORTED_VARIANT		finite|Present negative tense|se/hään
Present negative tense	1	pl	active	indicative	present	negative				ei+V+Neg+Act+Prs+Pl1 + <lemma>+V+Act+Ind+Prs+ConNeg	38/38	38/38	HFST component roundtrip; Meanbot S2-NEG-001 active	SUPPORTED_VARIANT		finite|Present negative tense|met
Present negative tense	2	pl	active	indicative	present	negative				ei+V+Neg+Act+Prs+Pl2 + <lemma>+V+Act+Ind+Prs+ConNeg	38/38	38/38	HFST component roundtrip; Meanbot S2-NEG-001 active	SUPPORTED_VARIANT		finite|Present negative tense|tet
Present negative tense	3	pl	active	indicative	present	negative				ei+V+Neg+Act+Prs+Pl3 + <lemma>+V+Act+Ind+Prs+ConNeg	38/38	38/38	HFST component roundtrip; Meanbot S2-NEG-001 active	SUPPORTED_VARIANT		finite|Present negative tense|net/het
Present negative tense			passive	indicative	present	negative				ei+V+Neg+Act+Prs+Sg3 + <lemma>+V+Pass+Ind+Prs+ConNeg	33/38	33/38	HFST components exist; Meanbot negative passive grammar deferred	PARTIAL		finite|Present negative tense|passive
Past negative tense	1	sg	active	indicative	past	negative				ei+V+Neg+Act+Prs+Sg1 + <lemma>+V+Act+PrfPrc+Sg+Nom	38/38	38/38	HFST auxiliary/participle components; generic past-negative grammar not active	PARTIAL		finite|Past negative tense|mie
Past negative tense	2	sg	active	indicative	past	negative				ei+V+Neg+Act+Prs+Sg2 + <lemma>+V+Act+PrfPrc+Sg+Nom	38/38	38/38	HFST auxiliary/participle components; generic past-negative grammar not active	PARTIAL		finite|Past negative tense|sie
Past negative tense	3	sg	active	indicative	past	negative				ei+V+Neg+Act+Prs+Sg3 + <lemma>+V+Act+PrfPrc+Sg+Nom	38/38	38/38	HFST auxiliary/participle components; generic past-negative grammar not active	PARTIAL		finite|Past negative tense|se/hään
Past negative tense	1	pl	active	indicative	past	negative				ei+V+Neg+Act+Prs+Pl1 + <lemma>+V+Act+PrfPrc+Pl+Nom	38/38	38/38	HFST auxiliary/participle components; generic past-negative grammar not active	PARTIAL		finite|Past negative tense|met
Past negative tense	2	pl	active	indicative	past	negative				ei+V+Neg+Act+Prs+Pl2 + <lemma>+V+Act+PrfPrc+Pl+Nom	38/38	38/38	HFST auxiliary/participle components; generic past-negative grammar not active	PARTIAL		finite|Past negative tense|tet
Past negative tense	3	pl	active	indicative	past	negative				ei+V+Neg+Act+Prs+Pl3 + <lemma>+V+Act+PrfPrc+Pl+Nom	38/38	38/38	HFST auxiliary/participle components; generic past-negative grammar not active	PARTIAL		finite|Past negative tense|net/het
Past negative tense			passive	indicative	past	negative				ei+V+Neg+Act+Prs+Sg3 + <lemma>+V+Pass+Ind+Prt+ConNeg	33/38	33/38	HFST components exist; Meanbot negative passive grammar deferred	PARTIAL	Past passive connegative is distinct from passive perfect participle.	finite|Past negative tense|passive
Conditional negative tense	1	sg	active	conditional	present	negative				ei+V+Neg+Act+Prs+Sg1 + <lemma>+V+Act+Cond+ConNeg	9/38	9/38	HFST components; only a narrow negative-conditional Meanbot schema is active	PARTIAL		finite|Conditional negative tense|mie
Conditional negative tense	2	sg	active	conditional	present	negative				ei+V+Neg+Act+Prs+Sg2 + <lemma>+V+Act+Cond+ConNeg	9/38	9/38	HFST components; only a narrow negative-conditional Meanbot schema is active	PARTIAL		finite|Conditional negative tense|sie
Conditional negative tense	3	sg	active	conditional	present	negative				ei+V+Neg+Act+Prs+Sg3 + <lemma>+V+Act+Cond+ConNeg	9/38	9/38	HFST components; only a narrow negative-conditional Meanbot schema is active	PARTIAL		finite|Conditional negative tense|se/hään
Conditional negative tense	1	pl	active	conditional	present	negative				ei+V+Neg+Act+Prs+Pl1 + <lemma>+V+Act+Cond+ConNeg	9/38	9/38	HFST components; only a narrow negative-conditional Meanbot schema is active	PARTIAL		finite|Conditional negative tense|met
Conditional negative tense	2	pl	active	conditional	present	negative				ei+V+Neg+Act+Prs+Pl2 + <lemma>+V+Act+Cond+ConNeg	9/38	9/38	HFST components; only a narrow negative-conditional Meanbot schema is active	PARTIAL		finite|Conditional negative tense|tet
Conditional negative tense	3	pl	active	conditional	present	negative				ei+V+Neg+Act+Prs+Pl3 + <lemma>+V+Act+Cond+ConNeg	9/38	9/38	HFST components; only a narrow negative-conditional Meanbot schema is active	PARTIAL		finite|Conditional negative tense|net/het
Conditional negative tense			passive	conditional	present	negative				ei+V+Neg+Act+Prs+Sg3 + <lemma>+V+Pass+Cond+ConNeg	5/38	5/38	HFST components where exposed; passive negative grammar deferred	PARTIAL		finite|Conditional negative tense|passive
Imperative negative mood	1	sg	active	imperative		negative					0/38	0/38	No complete strict negative-imperative component path for this UI person	UNSUPPORTED		finite|Imperative negative mood|mie
Imperative negative mood	2	sg	active	imperative		negative				ei+V+Neg+Act+Imprt+Sg2 + <lemma>+V+Neg+Act+Imprt+ConNeg+Sg2	31/38	31/38	HFST components; Meanbot negative imperative grammar deferred	PARTIAL		finite|Imperative negative mood|sie
Imperative negative mood	3	sg	active	imperative		negative					0/38	0/38	No complete strict negative-imperative component path for this UI person	UNSUPPORTED		finite|Imperative negative mood|se/hään
Imperative negative mood	1	pl	active	imperative		negative					0/38	0/38	No complete strict negative-imperative component path for this UI person	UNSUPPORTED		finite|Imperative negative mood|met
Imperative negative mood	2	pl	active	imperative		negative				ei+V+Neg+Act+Imprt+Pl2 + <lemma>+V+Neg+Act+Imprt+ConNeg+Pl2	31/38	31/38	HFST components; Meanbot negative imperative grammar deferred	PARTIAL		finite|Imperative negative mood|tet
Imperative negative mood	3	pl	active	imperative		negative					0/38	0/38	No complete strict negative-imperative component path for this UI person	UNSUPPORTED		finite|Imperative negative mood|net/het
Imperative negative mood			passive	imperative		negative					0/38	0/38	UI displays em dash; no passive imperative path	UNSUPPORTED		finite|Imperative negative mood|passive
Potential negative tense	1	sg	active	potential		negative					0/38	0/38	No +Pot tag/path in current Meanbot HFST	UNSUPPORTED		finite|Potential negative tense|mie
Potential negative tense	2	sg	active	potential		negative					0/38	0/38	No +Pot tag/path in current Meanbot HFST	UNSUPPORTED		finite|Potential negative tense|sie
Potential negative tense	3	sg	active	potential		negative					0/38	0/38	No +Pot tag/path in current Meanbot HFST	UNSUPPORTED		finite|Potential negative tense|se/hään
Potential negative tense	1	pl	active	potential		negative					0/38	0/38	No +Pot tag/path in current Meanbot HFST	UNSUPPORTED		finite|Potential negative tense|met
Potential negative tense	2	pl	active	potential		negative					0/38	0/38	No +Pot tag/path in current Meanbot HFST	UNSUPPORTED		finite|Potential negative tense|tet
Potential negative tense	3	pl	active	potential		negative					0/38	0/38	No +Pot tag/path in current Meanbot HFST	UNSUPPORTED		finite|Potential negative tense|net/het
Potential negative tense			passive	potential		negative					0/38	0/38	No +Pot tag/path in current Meanbot HFST	UNSUPPORTED		finite|Potential negative tense|passive
Present perfect tense	1	sg	active	indicative	perfect	positive				olla+V+Act+Ind+Prs+Sg1 + <lemma>+V+Act+PrfPrc+Sg+Nom	38/38	38/38	HFST auxiliary and participle components; no generic Meanbot compound-tense rule	PARTIAL		finite|Present perfect tense|mie
Present perfect tense	2	sg	active	indicative	perfect	positive				olla+V+Act+Ind+Prs+Sg2 + <lemma>+V+Act+PrfPrc+Sg+Nom	38/38	38/38	HFST auxiliary and participle components; no generic Meanbot compound-tense rule	PARTIAL		finite|Present perfect tense|sie
Present perfect tense	3	sg	active	indicative	perfect	positive				olla+V+Act+Ind+Prs+Sg3 + <lemma>+V+Act+PrfPrc+Sg+Nom	38/38	38/38	HFST auxiliary and participle components; no generic Meanbot compound-tense rule	PARTIAL		finite|Present perfect tense|se/hään
Present perfect tense	1	pl	active	indicative	perfect	positive				olla+V+Act+Ind+Prs+Pl1 + <lemma>+V+Act+PrfPrc+Pl+Nom	38/38	38/38	HFST auxiliary and participle components; no generic Meanbot compound-tense rule	PARTIAL		finite|Present perfect tense|met
Present perfect tense	2	pl	active	indicative	perfect	positive				olla+V+Act+Ind+Prs+Pl2 + <lemma>+V+Act+PrfPrc+Pl+Nom	38/38	38/38	HFST auxiliary and participle components; no generic Meanbot compound-tense rule	PARTIAL		finite|Present perfect tense|tet
Present perfect tense	3	pl	active	indicative	perfect	positive				olla+V+Act+Ind+Prs+Pl3 + <lemma>+V+Act+PrfPrc+Pl+Nom	38/38	38/38	HFST auxiliary and participle components; no generic Meanbot compound-tense rule	PARTIAL		finite|Present perfect tense|net/het
Present perfect tense			passive	indicative	perfect	positive				olla+V+Act+Ind+Prs+Sg3 + <lemma>+V+Pass+PrfPrc+Sg+Nom	38/38	38/38	HFST auxiliary and participle components; no generic Meanbot passive compound rule	PARTIAL		finite|Present perfect tense|passive
Past perfect / pluskvamperfektum	1	sg	active	indicative	pluperfect	positive				olla+V+Act+Ind+Prt+Sg1 + <lemma>+V+Act+PrfPrc+Sg+Nom	38/38	38/38	HFST auxiliary and participle components; no generic Meanbot compound-tense rule	PARTIAL		finite|Past perfect / pluskvamperfektum|mie
Past perfect / pluskvamperfektum	2	sg	active	indicative	pluperfect	positive				olla+V+Act+Ind+Prt+Sg2 + <lemma>+V+Act+PrfPrc+Sg+Nom	38/38	38/38	HFST auxiliary and participle components; no generic Meanbot compound-tense rule	PARTIAL		finite|Past perfect / pluskvamperfektum|sie
Past perfect / pluskvamperfektum	3	sg	active	indicative	pluperfect	positive				olla+V+Act+Ind+Prt+Sg3 + <lemma>+V+Act+PrfPrc+Sg+Nom	38/38	38/38	HFST auxiliary and participle components; no generic Meanbot compound-tense rule	PARTIAL		finite|Past perfect / pluskvamperfektum|se/hään
Past perfect / pluskvamperfektum	1	pl	active	indicative	pluperfect	positive				olla+V+Act+Ind+Prt+Pl1 + <lemma>+V+Act+PrfPrc+Pl+Nom	38/38	38/38	HFST auxiliary and participle components; no generic Meanbot compound-tense rule	PARTIAL		finite|Past perfect / pluskvamperfektum|met
Past perfect / pluskvamperfektum	2	pl	active	indicative	pluperfect	positive				olla+V+Act+Ind+Prt+Pl2 + <lemma>+V+Act+PrfPrc+Pl+Nom	38/38	38/38	HFST auxiliary and participle components; no generic Meanbot compound-tense rule	PARTIAL		finite|Past perfect / pluskvamperfektum|tet
Past perfect / pluskvamperfektum	3	pl	active	indicative	pluperfect	positive				olla+V+Act+Ind+Prt+Pl3 + <lemma>+V+Act+PrfPrc+Pl+Nom	38/38	38/38	HFST auxiliary and participle components; no generic Meanbot compound-tense rule	PARTIAL		finite|Past perfect / pluskvamperfektum|net/het
Past perfect / pluskvamperfektum			passive	indicative	pluperfect	positive				olla+V+Act+Ind+Prt+Sg3 + <lemma>+V+Pass+PrfPrc+Sg+Nom	38/38	38/38	HFST auxiliary and participle components; no generic Meanbot passive compound rule	PARTIAL		finite|Past perfect / pluskvamperfektum|passive
Conditional perfect tense	1	sg	active	conditional	perfect	positive				olla+V+Act+Cond+Sg1 + <lemma>+V+Act+PrfPrc+Sg+Nom	38/38	38/38	HFST auxiliary and participle components; no generic Meanbot compound-tense rule	PARTIAL		finite|Conditional perfect tense|mie
Conditional perfect tense	2	sg	active	conditional	perfect	positive				olla+V+Act+Cond+Sg2 + <lemma>+V+Act+PrfPrc+Sg+Nom	38/38	38/38	HFST auxiliary and participle components; no generic Meanbot compound-tense rule	PARTIAL		finite|Conditional perfect tense|sie
Conditional perfect tense	3	sg	active	conditional	perfect	positive				olla+V+Act+Cond+Sg3 + <lemma>+V+Act+PrfPrc+Sg+Nom	38/38	38/38	HFST auxiliary and participle components; no generic Meanbot compound-tense rule	PARTIAL		finite|Conditional perfect tense|se/hään
Conditional perfect tense	1	pl	active	conditional	perfect	positive				olla+V+Act+Cond+Pl1 + <lemma>+V+Act+PrfPrc+Pl+Nom	38/38	38/38	HFST auxiliary and participle components; no generic Meanbot compound-tense rule	PARTIAL		finite|Conditional perfect tense|met
Conditional perfect tense	2	pl	active	conditional	perfect	positive				olla+V+Act+Cond+Pl2 + <lemma>+V+Act+PrfPrc+Pl+Nom	38/38	38/38	HFST auxiliary and participle components; no generic Meanbot compound-tense rule	PARTIAL		finite|Conditional perfect tense|tet
Conditional perfect tense	3	pl	active	conditional	perfect	positive				olla+V+Act+Cond+Pl3 + <lemma>+V+Act+PrfPrc+Pl+Nom	38/38	38/38	HFST auxiliary and participle components; no generic Meanbot compound-tense rule	PARTIAL		finite|Conditional perfect tense|net/het
Conditional perfect tense			passive	conditional	perfect	positive				olla+V+Act+Cond+Sg3 + <lemma>+V+Pass+PrfPrc+Sg+Nom	38/38	38/38	HFST auxiliary and participle components; no generic Meanbot passive compound rule	PARTIAL		finite|Conditional perfect tense|passive
Imperative perfect tense	1	sg	active	imperative	perfect	positive					0/38	0/38	UI displays em dash	UNSUPPORTED		finite|Imperative perfect tense|mie
Imperative perfect tense	2	sg	active	imperative	perfect	positive				olla+V+Act+Imprt+Sg2 + <lemma>+V+Act+PrfPrc+Sg+Nom	0/38	0/38	HFST components; no generic Meanbot imperative-perfect rule	UNSUPPORTED		finite|Imperative perfect tense|sie
Imperative perfect tense	3	sg	active	imperative	perfect	positive				olla+V+Act+Imprt+Sg3 | olla+V+Act+Imprt+Sg + <lemma>+V+Act+PrfPrc+Sg+Nom	38/38	38/38	HFST components; no generic Meanbot imperative-perfect rule	PARTIAL		finite|Imperative perfect tense|se/hään
Imperative perfect tense	1	pl	active	imperative	perfect	positive				olla+V+Act+Imprt+Pl1 + <lemma>+V+Act+PrfPrc+Pl+Nom	38/38	38/38	HFST components; no generic Meanbot imperative-perfect rule	PARTIAL		finite|Imperative perfect tense|met
Imperative perfect tense	2	pl	active	imperative	perfect	positive				olla+V+Act+Imprt+Pl2 + <lemma>+V+Act+PrfPrc+Pl+Nom	38/38	38/38	HFST components; no generic Meanbot imperative-perfect rule	PARTIAL		finite|Imperative perfect tense|tet
Imperative perfect tense	3	pl	active	imperative	perfect	positive				olla+V+Act+Imprt+Pl3 + <lemma>+V+Act+PrfPrc+Pl+Nom	38/38	38/38	HFST components; no generic Meanbot imperative-perfect rule	PARTIAL		finite|Imperative perfect tense|net/het
Imperative perfect tense			passive	imperative	perfect	positive				olla+V+Act+Imprt+Sg3 | olla+V+Act+Imprt+Sg + <lemma>+V+Pass+PrfPrc+Sg+Nom	38/38	38/38	HFST components; no generic Meanbot passive imperative-perfect rule	PARTIAL		finite|Imperative perfect tense|passive
Potential perfect tense	1	sg	active	potential	perfect	positive					0/38	0/38	No +Pot tag/path in current Meanbot HFST	UNSUPPORTED		finite|Potential perfect tense|mie
Potential perfect tense	2	sg	active	potential	perfect	positive					0/38	0/38	No +Pot tag/path in current Meanbot HFST	UNSUPPORTED		finite|Potential perfect tense|sie
Potential perfect tense	3	sg	active	potential	perfect	positive					0/38	0/38	No +Pot tag/path in current Meanbot HFST	UNSUPPORTED		finite|Potential perfect tense|se/hään
Potential perfect tense	1	pl	active	potential	perfect	positive					0/38	0/38	No +Pot tag/path in current Meanbot HFST	UNSUPPORTED		finite|Potential perfect tense|met
Potential perfect tense	2	pl	active	potential	perfect	positive					0/38	0/38	No +Pot tag/path in current Meanbot HFST	UNSUPPORTED		finite|Potential perfect tense|tet
Potential perfect tense	3	pl	active	potential	perfect	positive					0/38	0/38	No +Pot tag/path in current Meanbot HFST	UNSUPPORTED		finite|Potential perfect tense|net/het
Potential perfect tense			passive	potential	perfect	positive					0/38	0/38	No +Pot tag/path in current Meanbot HFST	UNSUPPORTED		finite|Potential perfect tense|passive
Present perfect negative tense	1	sg	active	indicative	perfect	negative				ei+V+Neg+Act+Prs+Sg1 + olla+V+Act+Ind+Prs+ConNeg + <lemma>+V+Act+PrfPrc+Sg+Nom	38/38	38/38	HFST components; no generic Meanbot negative-perfect rule	PARTIAL		finite|Present perfect negative tense|mie
Present perfect negative tense	2	sg	active	indicative	perfect	negative				ei+V+Neg+Act+Prs+Sg2 + olla+V+Act+Ind+Prs+ConNeg + <lemma>+V+Act+PrfPrc+Sg+Nom	38/38	38/38	HFST components; no generic Meanbot negative-perfect rule	PARTIAL		finite|Present perfect negative tense|sie
Present perfect negative tense	3	sg	active	indicative	perfect	negative				ei+V+Neg+Act+Prs+Sg3 + olla+V+Act+Ind+Prs+ConNeg + <lemma>+V+Act+PrfPrc+Sg+Nom	38/38	38/38	HFST components; no generic Meanbot negative-perfect rule	PARTIAL		finite|Present perfect negative tense|se/hään
Present perfect negative tense	1	pl	active	indicative	perfect	negative				ei+V+Neg+Act+Prs+Pl1 + olla+V+Act+Ind+Prs+ConNeg + <lemma>+V+Act+PrfPrc+Pl+Nom	38/38	38/38	HFST components; no generic Meanbot negative-perfect rule	PARTIAL		finite|Present perfect negative tense|met
Present perfect negative tense	2	pl	active	indicative	perfect	negative				ei+V+Neg+Act+Prs+Pl2 + olla+V+Act+Ind+Prs+ConNeg + <lemma>+V+Act+PrfPrc+Pl+Nom	38/38	38/38	HFST components; no generic Meanbot negative-perfect rule	PARTIAL		finite|Present perfect negative tense|tet
Present perfect negative tense	3	pl	active	indicative	perfect	negative				ei+V+Neg+Act+Prs+Pl3 + olla+V+Act+Ind+Prs+ConNeg + <lemma>+V+Act+PrfPrc+Pl+Nom	38/38	38/38	HFST components; no generic Meanbot negative-perfect rule	PARTIAL		finite|Present perfect negative tense|net/het
Present perfect negative tense			passive	indicative	perfect	negative				ei+V+Neg+Act+Prs+Sg3 + olla+V+Act+Ind+Prs+ConNeg + <lemma>+V+Pass+PrfPrc+Sg+Nom	38/38	38/38	HFST components; no generic Meanbot negative passive perfect rule	PARTIAL		finite|Present perfect negative tense|passive
Past perfect negative tense	1	sg	active	indicative	pluperfect	negative				ei+V+Neg+Act+Prs+Sg1 + olla+V+Act+Ind+Prt+ConNeg+Sg + <lemma>+V+Act+PrfPrc+Sg+Nom	38/38	38/38	HFST components; no generic Meanbot negative pluperfect rule	PARTIAL		finite|Past perfect negative tense|mie
Past perfect negative tense	2	sg	active	indicative	pluperfect	negative				ei+V+Neg+Act+Prs+Sg2 + olla+V+Act+Ind+Prt+ConNeg+Sg + <lemma>+V+Act+PrfPrc+Sg+Nom	38/38	38/38	HFST components; no generic Meanbot negative pluperfect rule	PARTIAL		finite|Past perfect negative tense|sie
Past perfect negative tense	3	sg	active	indicative	pluperfect	negative				ei+V+Neg+Act+Prs+Sg3 + olla+V+Act+Ind+Prt+ConNeg+Sg + <lemma>+V+Act+PrfPrc+Sg+Nom	38/38	38/38	HFST components; no generic Meanbot negative pluperfect rule	PARTIAL		finite|Past perfect negative tense|se/hään
Past perfect negative tense	1	pl	active	indicative	pluperfect	negative				ei+V+Neg+Act+Prs+Pl1 + olla+V+Act+Ind+Prt+ConNeg+Pl + <lemma>+V+Act+PrfPrc+Pl+Nom	38/38	38/38	HFST components; no generic Meanbot negative pluperfect rule	PARTIAL		finite|Past perfect negative tense|met
Past perfect negative tense	2	pl	active	indicative	pluperfect	negative				ei+V+Neg+Act+Prs+Pl2 + olla+V+Act+Ind+Prt+ConNeg+Pl + <lemma>+V+Act+PrfPrc+Pl+Nom	38/38	38/38	HFST components; no generic Meanbot negative pluperfect rule	PARTIAL		finite|Past perfect negative tense|tet
Past perfect negative tense	3	pl	active	indicative	pluperfect	negative				ei+V+Neg+Act+Prs+Pl3 + olla+V+Act+Ind+Prt+ConNeg+Pl + <lemma>+V+Act+PrfPrc+Pl+Nom	38/38	38/38	HFST components; no generic Meanbot negative pluperfect rule	PARTIAL		finite|Past perfect negative tense|net/het
Past perfect negative tense			passive	indicative	pluperfect	negative				ei+V+Neg+Act+Prs+Sg3 + olla+V+Pass+Ind+Prt+ConNeg + <lemma>+V+Pass+PrfPrc+Sg+Nom	0/38	0/38	HFST components only; passive negative pluperfect not licensed	UNSUPPORTED		finite|Past perfect negative tense|passive
Conditional perfect negative tense	1	sg	active	conditional	perfect	negative				ei+V+Neg+Act+Prs+Sg1 + olla+V+Act+Cond+ConNeg + <lemma>+V+Act+PrfPrc+Sg+Nom	0/38	0/38	HFST components only; negative conditional-perfect composition unlicensed	UNSUPPORTED		finite|Conditional perfect negative tense|mie
Conditional perfect negative tense	2	sg	active	conditional	perfect	negative				ei+V+Neg+Act+Prs+Sg2 + olla+V+Act+Cond+ConNeg + <lemma>+V+Act+PrfPrc+Sg+Nom	0/38	0/38	HFST components only; negative conditional-perfect composition unlicensed	UNSUPPORTED		finite|Conditional perfect negative tense|sie
Conditional perfect negative tense	3	sg	active	conditional	perfect	negative				ei+V+Neg+Act+Prs+Sg3 + olla+V+Act+Cond+ConNeg + <lemma>+V+Act+PrfPrc+Sg+Nom	0/38	0/38	HFST components only; negative conditional-perfect composition unlicensed	UNSUPPORTED		finite|Conditional perfect negative tense|se/hään
Conditional perfect negative tense	1	pl	active	conditional	perfect	negative				ei+V+Neg+Act+Prs+Pl1 + olla+V+Act+Cond+ConNeg + <lemma>+V+Act+PrfPrc+Pl+Nom	0/38	0/38	HFST components only; negative conditional-perfect composition unlicensed	UNSUPPORTED		finite|Conditional perfect negative tense|met
Conditional perfect negative tense	2	pl	active	conditional	perfect	negative				ei+V+Neg+Act+Prs+Pl2 + olla+V+Act+Cond+ConNeg + <lemma>+V+Act+PrfPrc+Pl+Nom	0/38	0/38	HFST components only; negative conditional-perfect composition unlicensed	UNSUPPORTED		finite|Conditional perfect negative tense|tet
Conditional perfect negative tense	3	pl	active	conditional	perfect	negative				ei+V+Neg+Act+Prs+Pl3 + olla+V+Act+Cond+ConNeg + <lemma>+V+Act+PrfPrc+Pl+Nom	0/38	0/38	HFST components only; negative conditional-perfect composition unlicensed	UNSUPPORTED		finite|Conditional perfect negative tense|net/het
Conditional perfect negative tense			passive	conditional	perfect	negative				ei+V+Neg+Act+Prs+Sg3 + olla+V+Act+Cond+ConNeg + <lemma>+V+Pass+PrfPrc+Sg+Nom	0/38	0/38	HFST components only; passive negative conditional-perfect unlicensed	UNSUPPORTED		finite|Conditional perfect negative tense|passive
Potential perfect negative tense	1	sg	active	potential	perfect	negative					0/38	0/38	No +Pot tag/path in current Meanbot HFST	UNSUPPORTED		finite|Potential perfect negative tense|mie
Potential perfect negative tense	2	sg	active	potential	perfect	negative					0/38	0/38	No +Pot tag/path in current Meanbot HFST	UNSUPPORTED		finite|Potential perfect negative tense|sie
Potential perfect negative tense	3	sg	active	potential	perfect	negative					0/38	0/38	No +Pot tag/path in current Meanbot HFST	UNSUPPORTED		finite|Potential perfect negative tense|se/hään
Potential perfect negative tense	1	pl	active	potential	perfect	negative					0/38	0/38	No +Pot tag/path in current Meanbot HFST	UNSUPPORTED		finite|Potential perfect negative tense|met
Potential perfect negative tense	2	pl	active	potential	perfect	negative					0/38	0/38	No +Pot tag/path in current Meanbot HFST	UNSUPPORTED		finite|Potential perfect negative tense|tet
Potential perfect negative tense	3	pl	active	potential	perfect	negative					0/38	0/38	No +Pot tag/path in current Meanbot HFST	UNSUPPORTED		finite|Potential perfect negative tense|net/het
Potential perfect negative tense			passive	potential	perfect	negative					0/38	0/38	No +Pot tag/path in current Meanbot HFST	UNSUPPORTED		finite|Potential perfect negative tense|passive
1st infinitive			active			positive	I			<lemma>+V+Inf	38/38	38/38	HFST strict roundtrip; nonfinite morphology	SUPPORTED_VARIANT		nonfinite|1st infinitive|active
1st infinitive			passive			positive	I				0/38	0/38	UI displays em dash	UNSUPPORTED	UI displays em dash	nonfinite|1st infinitive|passive
1st long infinitive			active			positive	I-long		translative	<lemma>+V+Inf+Tra+PxSg1 | <lemma>+V+Inf+Tra+PxSg2 | <lemma>+V+Inf+Tra+PxSg3 | <lemma>+V+Inf+Tra+PxPl1 | <lemma>+V+Inf+Tra+PxPl2 | <lemma>+V+Inf+Tra+PxPl3	36/38	36/38	HFST family exists, but UI omits required possessive-person feature	AMBIGUOUS	Possessive person is not specified by the single UI cell.	nonfinite|1st long infinitive|active
1st long infinitive			passive			positive	I-long		translative		0/38	0/38	UI displays em dash	UNSUPPORTED	UI displays em dash	nonfinite|1st long infinitive|passive
2nd infinitive inessive			active			positive	II		inessive	<lemma>+V+InfE+Ine	38/38	38/38	HFST strict roundtrip; nonfinite morphology	SUPPORTED_VARIANT		nonfinite|2nd infinitive inessive|active
2nd infinitive inessive			passive			positive	II		inessive	<lemma>+V+Pass+InfE+Ine	38/38	38/38	HFST strict roundtrip; nonfinite morphology	SUPPORTED_VARIANT	Source lexc marks many class paths CHECK; treat evidence cautiously.	nonfinite|2nd infinitive inessive|passive
2nd infinitive instructive			active			positive	II		instructive	<lemma>+V+InfE+Ins	38/38	38/38	HFST strict roundtrip; nonfinite morphology	SUPPORTED_VARIANT		nonfinite|2nd infinitive instructive|active
2nd infinitive instructive			passive			positive	II		instructive		0/38	0/38	UI displays em dash	UNSUPPORTED	UI displays em dash	nonfinite|2nd infinitive instructive|passive
3rd infinitive inessive			active			positive	III		inessive	<lemma>+V+InfMa+Ine	38/38	38/38	HFST strict roundtrip; nonfinite morphology	SUPPORTED_VARIANT		nonfinite|3rd infinitive inessive|active
3rd infinitive inessive			passive			positive	III		inessive		0/38	0/38	UI displays em dash	UNSUPPORTED	UI displays em dash	nonfinite|3rd infinitive inessive|passive
3rd infinitive elative			active			positive	III		elative	<lemma>+V+InfMa+Ela	38/38	38/38	HFST strict roundtrip; nonfinite morphology	SUPPORTED_VARIANT		nonfinite|3rd infinitive elative|active
3rd infinitive elative			passive			positive	III		elative		0/38	0/38	UI displays em dash	UNSUPPORTED	UI displays em dash	nonfinite|3rd infinitive elative|passive
3rd infinitive illative			active			positive	III		illative	<lemma>+V+InfMa+Ill	38/38	38/38	HFST strict roundtrip; nonfinite morphology	SUPPORTED_VARIANT	Multiple h-position/metathesis outputs are common.	nonfinite|3rd infinitive illative|active
3rd infinitive illative			passive			positive	III		illative		0/38	0/38	UI displays em dash	UNSUPPORTED	UI displays em dash	nonfinite|3rd infinitive illative|passive
3rd infinitive adessive			active			positive	III		adessive	<lemma>+V+InfMa+Ade	38/38	38/38	HFST strict roundtrip; nonfinite morphology	SUPPORTED_VARIANT		nonfinite|3rd infinitive adessive|active
3rd infinitive adessive			passive			positive	III		adessive		0/38	0/38	UI displays em dash	UNSUPPORTED	UI displays em dash	nonfinite|3rd infinitive adessive|passive
3rd infinitive abessive			active			positive	III		abessive	<lemma>+V+InfMa+Abe	38/38	38/38	HFST strict roundtrip; nonfinite morphology	SUPPORTED_VARIANT		nonfinite|3rd infinitive abessive|active
3rd infinitive abessive			passive			positive	III		abessive		0/38	0/38	UI displays em dash	UNSUPPORTED	UI displays em dash	nonfinite|3rd infinitive abessive|passive
3rd infinitive instructive			active			positive	III		instructive		0/38	0/38	No +V+InfMa+Ins path; app form is not analyzed.	UNSUPPORTED	No +V+InfMa+Ins path; app form is not analyzed.	nonfinite|3rd infinitive instructive|active
3rd infinitive instructive			passive			positive	III		instructive		0/38	0/38	No passive III instructive path.	UNSUPPORTED	No passive III instructive path.	nonfinite|3rd infinitive instructive|passive
4th infinitive nominative			active			positive	IV		nominative	<lemma>+V+Der/minen+N+Sg+Nom	38/38	38/38	HFST strict roundtrip; nonfinite morphology	SUPPORTED_VARIANT	HFST models this as a derived -minen noun.	nonfinite|4th infinitive nominative|active
4th infinitive nominative			passive			positive	IV		nominative		0/38	0/38	UI displays em dash	UNSUPPORTED	UI displays em dash	nonfinite|4th infinitive nominative|passive
4th infinitive partitive			active			positive	IV		partitive	<lemma>+V+Der/minen+N+Sg+Par	38/38	38/38	HFST strict roundtrip; nonfinite morphology	SUPPORTED_VARIANT	HFST models this as a derived -minen noun.	nonfinite|4th infinitive partitive|active
4th infinitive partitive			passive			positive	IV		partitive		0/38	0/38	UI displays em dash	UNSUPPORTED	UI displays em dash	nonfinite|4th infinitive partitive|passive
5th infinitive			active			positive	V				0/38	0/38	No fifth-infinitive feature path in current Meanbot HFST.	UNSUPPORTED	No fifth-infinitive feature path in current Meanbot HFST.	nonfinite|5th infinitive|active
5th infinitive			passive			positive	V				0/38	0/38	UI displays em dash	UNSUPPORTED	UI displays em dash	nonfinite|5th infinitive|passive
Present participle			active			positive		present	nominative	<lemma>+V+Act+PrsPrc+Sg+Nom	38/38	38/38	HFST strict roundtrip; nonfinite morphology	SUPPORTED_VARIANT		nonfinite|Present participle|active
Present participle			passive			positive		present	nominative	<lemma>+V+Pass+PrsPrc+Sg+Nom	38/38	38/38	HFST strict roundtrip; nonfinite morphology	SUPPORTED_VARIANT		nonfinite|Present participle|passive
Past participle			active			positive		perfect	nominative	<lemma>+V+Act+PrfPrc+Sg+Nom	38/38	38/38	HFST strict roundtrip; nonfinite morphology	SUPPORTED_VARIANT		nonfinite|Past participle|active
Past participle			passive			positive		perfect	nominative	<lemma>+V+Pass+PrfPrc+Sg+Nom	38/38	38/38	HFST strict roundtrip; nonfinite morphology	SUPPORTED_VARIANT		nonfinite|Past participle|passive
Agent participle			active			positive		agent	nominative	<lemma>+V+AgPrc	38/38	38/38	HFST strict roundtrip; nonfinite morphology	SUPPORTED_VARIANT	HFST exposes a bare agent-participle cell.	nonfinite|Agent participle|active
Agent participle			passive			positive		agent	nominative		0/38	0/38	UI displays em dash	UNSUPPORTED	UI displays em dash	nonfinite|Agent participle|passive
